avg_age_yo,pet_type
1.21225407,Cat
2.04081802,Dog
1.42556512,Bird
1.36773576,Other
1.49717969,Livestock
