avg_age_yo,pet_type
1.60467437,Cat
1.52950531,Bird
3.29436010,Dog
1.38329553,Other
1.32522160,Livestock
