avg_age_yo,pet_type
1.40231092,Cat
1.49118033,Bird
2.66443112,Dog
1.38155353,Other
1.41120064,Livestock
